{
  "abs_q": {
    "max": 4.550210475921631,
    "p99.9": 2.9344136714935303,
    "p99": 2.2536301612854004
  },
  "abs_k": {
    "max": 4.679243087768555,
    "p99.9": 2.777047872543335,
    "p99": 2.1678874492645264
  },
  "l1_q": {
    "max": 44.31581497192383,
    "p99.9": 38.98989486694336,
    "p99": 33.87288284301758
  },
  "l1_k": {
    "max": 49.55586242675781,
    "p99.9": 41.10647201538086,
    "p99": 35.6263542175293
  },
  "batches": 10,
  "batch_size": 64
}