alpha,sparsity_ratio,val_acc
0.05,0.13942104289940827,0.694921875
0.1,0.4093197115384616,0.694921875
0.2,0.7616797337278106,0.694921875
0.3,0.9040268583579881,0.694921875
